<?xml version="1.0" encoding="UTF-8"?>

<channel name="thunar" version="1.0">
  <property name="last-view" type="string" value="ThunarIconView"/>
  <property name="last-icon-view-zoom-level" type="string" value="THUNAR_ZOOM_LEVEL_75_PERCENT"/>
  <property name="last-window-width" type="int" value="2540"/>
  <property name="last-window-height" type="int" value="1392"/>
  <property name="last-window-maximized" type="bool" value="false"/>
  <property name="last-separator-position" type="int" value="211"/>
  <property name="last-show-hidden" type="bool" value="true"/>
  <property name="last-details-view-zoom-level" type="string" value="THUNAR_ZOOM_LEVEL_38_PERCENT"/>
  <property name="last-details-view-visible-columns" type="string" value="THUNAR_COLUMN_DATE_MODIFIED,THUNAR_COLUMN_LOCATION,THUNAR_COLUMN_NAME,THUNAR_COLUMN_SIZE,THUNAR_COLUMN_TYPE"/>
  <property name="last-details-view-column-widths" type="string" value="50,50,125,50,50,122,50,50,1509,50,50,79,50,383"/>
  <property name="last-statusbar-visible" type="bool" value="true"/>
  <property name="last-menubar-visible" type="bool" value="false"/>
  <property name="last-toolbar-item-order" type="string" value="0,1,2,3,4,5,6,7,8,9,10,11,12,13,14,15,16,17"/>
  <property name="last-toolbar-visible-buttons" type="string" value="0,1,1,1,1,0,0,0,0,0,0,0,0,0,1,0,1,0"/>
  <property name="misc-single-click" type="bool" value="false"/>
</channel>
