<?xml version="1.0" encoding="UTF-8"?>

<channel name="xfce4-terminal" version="1.0">
  <property name="background-mode" type="string" value="TERMINAL_BACKGROUND_TRANSPARENT"/>
  <property name="background-darkness" type="double" value="0.90000000000000002"/>
  <property name="color-foreground" type="string" value="#a1b0b8"/>
  <property name="color-background" type="string" value="#0a3d0a3d0a3d"/>
  <property name="color-cursor-foreground" type="string" value=""/>
  <property name="color-cursor" type="string" value="#ff443e"/>
  <property name="color-cursor-use-default" type="bool" value="true"/>
  <property name="color-bold" type="string" value=""/>
  <property name="color-palette" type="string" value="rgb(37,37,37);rgb(83,83,131);rgb(117,110,186);rgb(131,124,211);rgb(143,139,252);rgb(173,167,223);rgb(156,153,186);rgb(245,245,245);rgb(93,111,113);rgb(83,83,131);rgb(117,110,186);rgb(131,124,211);rgb(143,139,252);rgb(173,167,223);rgb(156,153,186);rgb(245,245,245)"/>
  <property name="color-bold-is-bright" type="bool" value="true"/>
  <property name="font-name" type="string" value="Source Code Pro 12"/>
  <property name="misc-always-show-tabs" type="bool" value="false"/>
  <property name="misc-bell" type="bool" value="false"/>
  <property name="misc-bell-urgent" type="bool" value="false"/>
  <property name="misc-borders-default" type="bool" value="true"/>
  <property name="misc-cursor-blinks" type="bool" value="false"/>
  <property name="misc-cursor-shape" type="string" value="TERMINAL_CURSOR_SHAPE_BLOCK"/>
  <property name="misc-default-geometry" type="string" value="100x30"/>
  <property name="misc-inherit-geometry" type="bool" value="false"/>
  <property name="misc-menubar-default" type="bool" value="false"/>
  <property name="misc-mouse-autohide" type="bool" value="false"/>
  <property name="misc-mouse-wheel-zoom" type="bool" value="true"/>
  <property name="misc-toolbar-default" type="bool" value="false"/>
  <property name="misc-confirm-close" type="bool" value="true"/>
  <property name="misc-cycle-tabs" type="bool" value="true"/>
  <property name="misc-tab-close-buttons" type="bool" value="true"/>
  <property name="misc-tab-close-middle-click" type="bool" value="true"/>
  <property name="misc-tab-position" type="string" value="GTK_POS_TOP"/>
  <property name="misc-highlight-urls" type="bool" value="true"/>
  <property name="misc-middle-click-opens-uri" type="bool" value="false"/>
  <property name="misc-copy-on-select" type="bool" value="false"/>
  <property name="misc-show-relaunch-dialog" type="bool" value="true"/>
  <property name="misc-rewrap-on-resize" type="bool" value="true"/>
  <property name="misc-slim-tabs" type="bool" value="false"/>
  <property name="misc-new-tab-adjacent" type="bool" value="false"/>
  <property name="misc-search-dialog-opacity" type="uint" value="100"/>
  <property name="misc-show-unsafe-paste-dialog" type="bool" value="false"/>
  <property name="scrolling-bar" type="string" value="TERMINAL_SCROLLBAR_NONE"/>
  <property name="scrolling-unlimited" type="bool" value="true"/>
  <property name="tab-activity-color" type="string" value="#aa0000"/>
  <property name="color-background-vary" type="bool" value="false"/>
  <property name="color-selection" type="string" value=""/>
  <property name="color-selection-background" type="string" value=""/>
  <property name="color-selection-use-default" type="bool" value="true"/>
  <property name="color-bold-use-default" type="bool" value="true"/>
  <property name="color-use-theme" type="bool" value="false"/>
  <property name="font-use-system" type="bool" value="false"/>
</channel>
